srs_id,description,projection_acronym,ellipsoid_acronym,parameters,srid,auth_name,auth_id,is_geo,deprecated,noupdate
179,"NAD83(HARN) / UTM zone 2S",utm,GRS80,"+proj=utm +zone=2 +south +ellps=GRS80 +towgs84=0,0,0,0,0,0,0 +units=m +no_defs",2195,EPSG,2195,0,0,0
728,"NAD83(HARN) / Alabama East",tmerc,GRS80,"+proj=tmerc +lat_0=30.5 +lon_0=-85.83333333333333 +k=0.99996 +x_0=200000 +y_0=0 +ellps=GRS80 +towgs84=0,0,0,0,0,0,0 +units=m +no_defs",2759,EPSG,2759,0,0,0
729,"NAD83(HARN) / Alabama West",tmerc,GRS80,"+proj=tmerc +lat_0=30 +lon_0=-87.5 +k=0.999933333 +x_0=600000 +y_0=0 +ellps=GRS80 +towgs84=0,0,0,0,0,0,0 +units=m +no_defs",2760,EPSG,2760,0,0,0
730,"NAD83(HARN) / Arizona East",tmerc,GRS80,"+proj=tmerc +lat_0=31 +lon_0=-110.1666666666667 +k=0.9999 +x_0=213360 +y_0=0 +ellps=GRS80 +towgs84=0,0,0,0,0,0,0 +units=m +no_defs",2761,EPSG,2761,0,0,0
731,"NAD83(HARN) / Arizona Central",tmerc,GRS80,"+proj=tmerc +lat_0=31 +lon_0=-111.9166666666667 +k=0.9999 +x_0=213360 +y_0=0 +ellps=GRS80 +towgs84=0,0,0,0,0,0,0 +units=m +no_defs",2762,EPSG,2762,0,0,0
732,"NAD83(HARN) / Arizona West",tmerc,GRS80,"+proj=tmerc +lat_0=31 +lon_0=-113.75 +k=0.999933333 +x_0=213360 +y_0=0 +ellps=GRS80 +towgs84=0,0,0,0,0,0,0 +units=m +no_defs",2763,EPSG,2763,0,0,0
733,"NAD83(HARN) / Arkansas North",lcc,GRS80,"+proj=lcc +lat_1=36.23333333333333 +lat_2=34.93333333333333 +lat_0=34.33333333333334 +lon_0=-92 +x_0=400000 +y_0=0 +ellps=GRS80 +towgs84=0,0,0,0,0,0,0 +units=m +no_defs",2764,EPSG,2764,0,0,0
734,"NAD83(HARN) / Arkansas South",lcc,GRS80,"+proj=lcc +lat_1=34.76666666666667 +lat_2=33.3 +lat_0=32.66666666666666 +lon_0=-92 +x_0=400000 +y_0=400000 +ellps=GRS80 +towgs84=0,0,0,0,0,0,0 +units=m +no_defs",2765,EPSG,2765,0,0,0
735,"NAD83(HARN) / California zone 1",lcc,GRS80,"+proj=lcc +lat_1=41.66666666666666 +lat_2=40 +lat_0=39.33333333333334 +lon_0=-122 +x_0=2000000 +y_0=500000 +ellps=GRS80 +towgs84=0,0,0,0,0,0,0 +units=m +no_defs",2766,EPSG,2766,0,0,0
736,"NAD83(HARN) / California zone 2",lcc,GRS80,"+proj=lcc +lat_1=39.83333333333334 +lat_2=38.33333333333334 +lat_0=37.66666666666666 +lon_0=-122 +x_0=2000000 +y_0=500000 +ellps=GRS80 +towgs84=0,0,0,0,0,0,0 +units=m +no_defs",2767,EPSG,2767,0,0,0
737,"NAD83(HARN) / California zone 3",lcc,GRS80,"+proj=lcc +lat_1=38.43333333333333 +lat_2=37.06666666666667 +lat_0=36.5 +lon_0=-120.5 +x_0=2000000 +y_0=500000 +ellps=GRS80 +towgs84=0,0,0,0,0,0,0 +units=m +no_defs",2768,EPSG,2768,0,0,0
738,"NAD83(HARN) / California zone 4",lcc,GRS80,"+proj=lcc +lat_1=37.25 +lat_2=36 +lat_0=35.33333333333334 +lon_0=-119 +x_0=2000000 +y_0=500000 +ellps=GRS80 +towgs84=0,0,0,0,0,0,0 +units=m +no_defs",2769,EPSG,2769,0,0,0
739,"NAD83(HARN) / California zone 5",lcc,GRS80,"+proj=lcc +lat_1=35.46666666666667 +lat_2=34.03333333333333 +lat_0=33.5 +lon_0=-118 +x_0=2000000 +y_0=500000 +ellps=GRS80 +towgs84=0,0,0,0,0,0,0 +units=m +no_defs",2770,EPSG,2770,0,0,0
740,"NAD83(HARN) / California zone 6",lcc,GRS80,"+proj=lcc +lat_1=33.88333333333333 +lat_2=32.78333333333333 +lat_0=32.16666666666666 +lon_0=-116.25 +x_0=2000000 +y_0=500000 +ellps=GRS80 +towgs84=0,0,0,0,0,0,0 +units=m +no_defs",2771,EPSG,2771,0,0,0
741,"NAD83(HARN) / Colorado North",lcc,GRS80,"+proj=lcc +lat_1=40.78333333333333 +lat_2=39.71666666666667 +lat_0=39.33333333333334 +lon_0=-105.5 +x_0=914401.8289 +y_0=304800.6096 +ellps=GRS80 +towgs84=0,0,0,0,0,0,0 +units=m +no_defs",2772,EPSG,2772,0,0,0
742,"NAD83(HARN) / Colorado Central",lcc,GRS80,"+proj=lcc +lat_1=39.75 +lat_2=38.45 +lat_0=37.83333333333334 +lon_0=-105.5 +x_0=914401.8289 +y_0=304800.6096 +ellps=GRS80 +towgs84=0,0,0,0,0,0,0 +units=m +no_defs",2773,EPSG,2773,0,0,0
743,"NAD83(HARN) / Colorado South",lcc,GRS80,"+proj=lcc +lat_1=38.43333333333333 +lat_2=37.23333333333333 +lat_0=36.66666666666666 +lon_0=-105.5 +x_0=914401.8289 +y_0=304800.6096 +ellps=GRS80 +towgs84=0,0,0,0,0,0,0 +units=m +no_defs",2774,EPSG,2774,0,0,0
744,"NAD83(HARN) / Connecticut",lcc,GRS80,"+proj=lcc +lat_1=41.86666666666667 +lat_2=41.2 +lat_0=40.83333333333334 +lon_0=-72.75 +x_0=304800.6096 +y_0=152400.3048 +ellps=GRS80 +towgs84=0,0,0,0,0,0,0 +units=m +no_defs",2775,EPSG,2775,0,0,0
745,"NAD83(HARN) / Delaware",tmerc,GRS80,"+proj=tmerc +lat_0=38 +lon_0=-75.41666666666667 +k=0.999995 +x_0=200000 +y_0=0 +ellps=GRS80 +towgs84=0,0,0,0,0,0,0 +units=m +no_defs",2776,EPSG,2776,0,0,0
746,"NAD83(HARN) / Florida East",tmerc,GRS80,"+proj=tmerc +lat_0=24.33333333333333 +lon_0=-81 +k=0.999941177 +x_0=200000 +y_0=0 +ellps=GRS80 +towgs84=0,0,0,0,0,0,0 +units=m +no_defs",2777,EPSG,2777,0,0,0
747,"NAD83(HARN) / Florida West",tmerc,GRS80,"+proj=tmerc +lat_0=24.33333333333333 +lon_0=-82 +k=0.999941177 +x_0=200000 +y_0=0 +ellps=GRS80 +towgs84=0,0,0,0,0,0,0 +units=m +no_defs",2778,EPSG,2778,0,0,0
748,"NAD83(HARN) / Florida North",lcc,GRS80,"+proj=lcc +lat_1=30.75 +lat_2=29.58333333333333 +lat_0=29 +lon_0=-84.5 +x_0=600000 +y_0=0 +ellps=GRS80 +towgs84=0,0,0,0,0,0,0 +units=m +no_defs",2779,EPSG,2779,0,0,0
749,"NAD83(HARN) / Georgia East",tmerc,GRS80,"+proj=tmerc +lat_0=30 +lon_0=-82.16666666666667 +k=0.9999 +x_0=200000 +y_0=0 +ellps=GRS80 +towgs84=0,0,0,0,0,0,0 +units=m +no_defs",2780,EPSG,2780,0,0,0
750,"NAD83(HARN) / Georgia West",tmerc,GRS80,"+proj=tmerc +lat_0=30 +lon_0=-84.16666666666667 +k=0.9999 +x_0=700000 +y_0=0 +ellps=GRS80 +towgs84=0,0,0,0,0,0,0 +units=m +no_defs",2781,EPSG,2781,0,0,0
751,"NAD83(HARN) / Hawaii zone 1",tmerc,GRS80,"+proj=tmerc +lat_0=18.83333333333333 +lon_0=-155.5 +k=0.999966667 +x_0=500000 +y_0=0 +ellps=GRS80 +towgs84=0,0,0,0,0,0,0 +units=m +no_defs",2782,EPSG,2782,0,0,0
752,"NAD83(HARN) / Hawaii zone 2",tmerc,GRS80,"+proj=tmerc +lat_0=20.33333333333333 +lon_0=-156.6666666666667 +k=0.999966667 +x_0=500000 +y_0=0 +ellps=GRS80 +towgs84=0,0,0,0,0,0,0 +units=m +no_defs",2783,EPSG,2783,0,0,0
753,"NAD83(HARN) / Hawaii zone 3",tmerc,GRS80,"+proj=tmerc +lat_0=21.16666666666667 +lon_0=-158 +k=0.99999 +x_0=500000 +y_0=0 +ellps=GRS80 +towgs84=0,0,0,0,0,0,0 +units=m +no_defs",2784,EPSG,2784,0,0,0
754,"NAD83(HARN) / Hawaii zone 4",tmerc,GRS80,"+proj=tmerc +lat_0=21.83333333333333 +lon_0=-159.5 +k=0.99999 +x_0=500000 +y_0=0 +ellps=GRS80 +towgs84=0,0,0,0,0,0,0 +units=m +no_defs",2785,EPSG,2785,0,0,0
755,"NAD83(HARN) / Hawaii zone 5",tmerc,GRS80,"+proj=tmerc +lat_0=21.66666666666667 +lon_0=-160.1666666666667 +k=1 +x_0=500000 +y_0=0 +ellps=GRS80 +towgs84=0,0,0,0,0,0,0 +units=m +no_defs",2786,EPSG,2786,0,0,0
756,"NAD83(HARN) / Idaho East",tmerc,GRS80,"+proj=tmerc +lat_0=41.66666666666666 +lon_0=-112.1666666666667 +k=0.9999473679999999 +x_0=200000 +y_0=0 +ellps=GRS80 +towgs84=0,0,0,0,0,0,0 +units=m +no_defs",2787,EPSG,2787,0,0,0
757,"NAD83(HARN) / Idaho Central",tmerc,GRS80,"+proj=tmerc +lat_0=41.66666666666666 +lon_0=-114 +k=0.9999473679999999 +x_0=500000 +y_0=0 +ellps=GRS80 +towgs84=0,0,0,0,0,0,0 +units=m +no_defs",2788,EPSG,2788,0,0,0
758,"NAD83(HARN) / Idaho West",tmerc,GRS80,"+proj=tmerc +lat_0=41.66666666666666 +lon_0=-115.75 +k=0.999933333 +x_0=800000 +y_0=0 +ellps=GRS80 +towgs84=0,0,0,0,0,0,0 +units=m +no_defs",2789,EPSG,2789,0,0,0
759,"NAD83(HARN) / Illinois East",tmerc,GRS80,"+proj=tmerc +lat_0=36.66666666666666 +lon_0=-88.33333333333333 +k=0.9999749999999999 +x_0=300000 +y_0=0 +ellps=GRS80 +towgs84=0,0,0,0,0,0,0 +units=m +no_defs",2790,EPSG,2790,0,0,0
760,"NAD83(HARN) / Illinois West",tmerc,GRS80,"+proj=tmerc +lat_0=36.66666666666666 +lon_0=-90.16666666666667 +k=0.999941177 +x_0=700000 +y_0=0 +ellps=GRS80 +towgs84=0,0,0,0,0,0,0 +units=m +no_defs",2791,EPSG,2791,0,0,0
761,"NAD83(HARN) / Indiana East",tmerc,GRS80,"+proj=tmerc +lat_0=37.5 +lon_0=-85.66666666666667 +k=0.999966667 +x_0=100000 +y_0=250000 +ellps=GRS80 +towgs84=0,0,0,0,0,0,0 +units=m +no_defs",2792,EPSG,2792,0,0,0
762,"NAD83(HARN) / Indiana West",tmerc,GRS80,"+proj=tmerc +lat_0=37.5 +lon_0=-87.08333333333333 +k=0.999966667 +x_0=900000 +y_0=250000 +ellps=GRS80 +towgs84=0,0,0,0,0,0,0 +units=m +no_defs",2793,EPSG,2793,0,0,0
763,"NAD83(HARN) / Iowa North",lcc,GRS80,"+proj=lcc +lat_1=43.26666666666667 +lat_2=42.06666666666667 +lat_0=41.5 +lon_0=-93.5 +x_0=1500000 +y_0=1000000 +ellps=GRS80 +towgs84=0,0,0,0,0,0,0 +units=m +no_defs",2794,EPSG,2794,0,0,0
764,"NAD83(HARN) / Iowa South",lcc,GRS80,"+proj=lcc +lat_1=41.78333333333333 +lat_2=40.61666666666667 +lat_0=40 +lon_0=-93.5 +x_0=500000 +y_0=0 +ellps=GRS80 +towgs84=0,0,0,0,0,0,0 +units=m +no_defs",2795,EPSG,2795,0,0,0
765,"NAD83(HARN) / Kansas North",lcc,GRS80,"+proj=lcc +lat_1=39.78333333333333 +lat_2=38.71666666666667 +lat_0=38.33333333333334 +lon_0=-98 +x_0=400000 +y_0=0 +ellps=GRS80 +towgs84=0,0,0,0,0,0,0 +units=m +no_defs",2796,EPSG,2796,0,0,0
766,"NAD83(HARN) / Kansas South",lcc,GRS80,"+proj=lcc +lat_1=38.56666666666667 +lat_2=37.26666666666667 +lat_0=36.66666666666666 +lon_0=-98.5 +x_0=400000 +y_0=400000 +ellps=GRS80 +towgs84=0,0,0,0,0,0,0 +units=m +no_defs",2797,EPSG,2797,0,0,0
767,"NAD83(HARN) / Kentucky North",lcc,GRS80,"+proj=lcc +lat_1=37.96666666666667 +lat_2=38.96666666666667 +lat_0=37.5 +lon_0=-84.25 +x_0=500000 +y_0=0 +ellps=GRS80 +towgs84=0,0,0,0,0,0,0 +units=m +no_defs",2798,EPSG,2798,0,0,0
768,"NAD83(HARN) / Kentucky South",lcc,GRS80,"+proj=lcc +lat_1=37.93333333333333 +lat_2=36.73333333333333 +lat_0=36.33333333333334 +lon_0=-85.75 +x_0=500000 +y_0=500000 +ellps=GRS80 +towgs84=0,0,0,0,0,0,0 +units=m +no_defs",2799,EPSG,2799,0,0,0
769,"NAD83(HARN) / Louisiana North",lcc,GRS80,"+proj=lcc +lat_1=32.66666666666666 +lat_2=31.16666666666667 +lat_0=30.5 +lon_0=-92.5 +x_0=1000000 +y_0=0 +ellps=GRS80 +towgs84=0,0,0,0,0,0,0 +units=m +no_defs",2800,EPSG,2800,0,0,0
770,"NAD83(HARN) / Louisiana South",lcc,GRS80,"+proj=lcc +lat_1=30.7 +lat_2=29.3 +lat_0=28.5 +lon_0=-91.33333333333333 +x_0=1000000 +y_0=0 +ellps=GRS80 +towgs84=0,0,0,0,0,0,0 +units=m +no_defs",2801,EPSG,2801,0,0,0
771,"NAD83(HARN) / Maine East",tmerc,GRS80,"+proj=tmerc +lat_0=43.66666666666666 +lon_0=-68.5 +k=0.9999 +x_0=300000 +y_0=0 +ellps=GRS80 +towgs84=0,0,0,0,0,0,0 +units=m +no_defs",2802,EPSG,2802,0,0,0
772,"NAD83(HARN) / Maine West",tmerc,GRS80,"+proj=tmerc +lat_0=42.83333333333334 +lon_0=-70.16666666666667 +k=0.999966667 +x_0=900000 +y_0=0 +ellps=GRS80 +towgs84=0,0,0,0,0,0,0 +units=m +no_defs",2803,EPSG,2803,0,0,0
773,"NAD83(HARN) / Maryland",lcc,GRS80,"+proj=lcc +lat_1=39.45 +lat_2=38.3 +lat_0=37.66666666666666 +lon_0=-77 +x_0=400000 +y_0=0 +ellps=GRS80 +towgs84=0,0,0,0,0,0,0 +units=m +no_defs",2804,EPSG,2804,0,0,0
774,"NAD83(HARN) / Massachusetts Mainland",lcc,GRS80,"+proj=lcc +lat_1=42.68333333333333 +lat_2=41.71666666666667 +lat_0=41 +lon_0=-71.5 +x_0=200000 +y_0=750000 +ellps=GRS80 +towgs84=0,0,0,0,0,0,0 +units=m +no_defs",2805,EPSG,2805,0,0,0
775,"NAD83(HARN) / Massachusetts Island",lcc,GRS80,"+proj=lcc +lat_1=41.48333333333333 +lat_2=41.28333333333333 +lat_0=41 +lon_0=-70.5 +x_0=500000 +y_0=0 +ellps=GRS80 +towgs84=0,0,0,0,0,0,0 +units=m +no_defs",2806,EPSG,2806,0,0,0
776,"NAD83(HARN) / Michigan North",lcc,GRS80,"+proj=lcc +lat_1=47.08333333333334 +lat_2=45.48333333333333 +lat_0=44.78333333333333 +lon_0=-87 +x_0=8000000 +y_0=0 +ellps=GRS80 +towgs84=0,0,0,0,0,0,0 +units=m +no_defs",2807,EPSG,2807,0,0,0
777,"NAD83(HARN) / Michigan Central",lcc,GRS80,"+proj=lcc +lat_1=45.7 +lat_2=44.18333333333333 +lat_0=43.31666666666667 +lon_0=-84.36666666666666 +x_0=6000000 +y_0=0 +ellps=GRS80 +towgs84=0,0,0,0,0,0,0 +units=m +no_defs",2808,EPSG,2808,0,0,0
778,"NAD83(HARN) / Michigan South",lcc,GRS80,"+proj=lcc +lat_1=43.66666666666666 +lat_2=42.1 +lat_0=41.5 +lon_0=-84.36666666666666 +x_0=4000000 +y_0=0 +ellps=GRS80 +towgs84=0,0,0,0,0,0,0 +units=m +no_defs",2809,EPSG,2809,0,0,0
779,"NAD83(HARN) / Minnesota North",lcc,GRS80,"+proj=lcc +lat_1=48.63333333333333 +lat_2=47.03333333333333 +lat_0=46.5 +lon_0=-93.09999999999999 +x_0=800000 +y_0=100000 +ellps=GRS80 +towgs84=0,0,0,0,0,0,0 +units=m +no_defs",2810,EPSG,2810,0,0,0
780,"NAD83(HARN) / Minnesota Central",lcc,GRS80,"+proj=lcc +lat_1=47.05 +lat_2=45.61666666666667 +lat_0=45 +lon_0=-94.25 +x_0=800000 +y_0=100000 +ellps=GRS80 +towgs84=0,0,0,0,0,0,0 +units=m +no_defs",2811,EPSG,2811,0,0,0
781,"NAD83(HARN) / Minnesota South",lcc,GRS80,"+proj=lcc +lat_1=45.21666666666667 +lat_2=43.78333333333333 +lat_0=43 +lon_0=-94 +x_0=800000 +y_0=100000 +ellps=GRS80 +towgs84=0,0,0,0,0,0,0 +units=m +no_defs",2812,EPSG,2812,0,0,0
782,"NAD83(HARN) / Mississippi East",tmerc,GRS80,"+proj=tmerc +lat_0=29.5 +lon_0=-88.83333333333333 +k=0.99995 +x_0=300000 +y_0=0 +ellps=GRS80 +towgs84=0,0,0,0,0,0,0 +units=m +no_defs",2813,EPSG,2813,0,0,0
783,"NAD83(HARN) / Mississippi West",tmerc,GRS80,"+proj=tmerc +lat_0=29.5 +lon_0=-90.33333333333333 +k=0.99995 +x_0=700000 +y_0=0 +ellps=GRS80 +towgs84=0,0,0,0,0,0,0 +units=m +no_defs",2814,EPSG,2814,0,0,0
784,"NAD83(HARN) / Missouri East",tmerc,GRS80,"+proj=tmerc +lat_0=35.83333333333334 +lon_0=-90.5 +k=0.999933333 +x_0=250000 +y_0=0 +ellps=GRS80 +towgs84=0,0,0,0,0,0,0 +units=m +no_defs",2815,EPSG,2815,0,0,0
785,"NAD83(HARN) / Missouri Central",tmerc,GRS80,"+proj=tmerc +lat_0=35.83333333333334 +lon_0=-92.5 +k=0.999933333 +x_0=500000 +y_0=0 +ellps=GRS80 +towgs84=0,0,0,0,0,0,0 +units=m +no_defs",2816,EPSG,2816,0,0,0
786,"NAD83(HARN) / Missouri West",tmerc,GRS80,"+proj=tmerc +lat_0=36.16666666666666 +lon_0=-94.5 +k=0.999941177 +x_0=850000 +y_0=0 +ellps=GRS80 +towgs84=0,0,0,0,0,0,0 +units=m +no_defs",2817,EPSG,2817,0,0,0
787,"NAD83(HARN) / Montana",lcc,GRS80,"+proj=lcc +lat_1=49 +lat_2=45 +lat_0=44.25 +lon_0=-109.5 +x_0=600000 +y_0=0 +ellps=GRS80 +towgs84=0,0,0,0,0,0,0 +units=m +no_defs",2818,EPSG,2818,0,0,0
788,"NAD83(HARN) / Nebraska",lcc,GRS80,"+proj=lcc +lat_1=43 +lat_2=40 +lat_0=39.83333333333334 +lon_0=-100 +x_0=500000 +y_0=0 +ellps=GRS80 +towgs84=0,0,0,0,0,0,0 +units=m +no_defs",2819,EPSG,2819,0,0,0
789,"NAD83(HARN) / Nevada East",tmerc,GRS80,"+proj=tmerc +lat_0=34.75 +lon_0=-115.5833333333333 +k=0.9999 +x_0=200000 +y_0=8000000 +ellps=GRS80 +towgs84=0,0,0,0,0,0,0 +units=m +no_defs",2820,EPSG,2820,0,0,0
790,"NAD83(HARN) / Nevada Central",tmerc,GRS80,"+proj=tmerc +lat_0=34.75 +lon_0=-116.6666666666667 +k=0.9999 +x_0=500000 +y_0=6000000 +ellps=GRS80 +towgs84=0,0,0,0,0,0,0 +units=m +no_defs",2821,EPSG,2821,0,0,0
791,"NAD83(HARN) / Nevada West",tmerc,GRS80,"+proj=tmerc +lat_0=34.75 +lon_0=-118.5833333333333 +k=0.9999 +x_0=800000 +y_0=4000000 +ellps=GRS80 +towgs84=0,0,0,0,0,0,0 +units=m +no_defs",2822,EPSG,2822,0,0,0
792,"NAD83(HARN) / New Hampshire",tmerc,GRS80,"+proj=tmerc +lat_0=42.5 +lon_0=-71.66666666666667 +k=0.999966667 +x_0=300000 +y_0=0 +ellps=GRS80 +towgs84=0,0,0,0,0,0,0 +units=m +no_defs",2823,EPSG,2823,0,0,0
793,"NAD83(HARN) / New Jersey",tmerc,GRS80,"+proj=tmerc +lat_0=38.83333333333334 +lon_0=-74.5 +k=0.9999 +x_0=150000 +y_0=0 +ellps=GRS80 +towgs84=0,0,0,0,0,0,0 +units=m +no_defs",2824,EPSG,2824,0,0,0
794,"NAD83(HARN) / New Mexico East",tmerc,GRS80,"+proj=tmerc +lat_0=31 +lon_0=-104.3333333333333 +k=0.999909091 +x_0=165000 +y_0=0 +ellps=GRS80 +towgs84=0,0,0,0,0,0,0 +units=m +no_defs",2825,EPSG,2825,0,0,0
795,"NAD83(HARN) / New Mexico Central",tmerc,GRS80,"+proj=tmerc +lat_0=31 +lon_0=-106.25 +k=0.9999 +x_0=500000 +y_0=0 +ellps=GRS80 +towgs84=0,0,0,0,0,0,0 +units=m +no_defs",2826,EPSG,2826,0,0,0
796,"NAD83(HARN) / New Mexico West",tmerc,GRS80,"+proj=tmerc +lat_0=31 +lon_0=-107.8333333333333 +k=0.999916667 +x_0=830000 +y_0=0 +ellps=GRS80 +towgs84=0,0,0,0,0,0,0 +units=m +no_defs",2827,EPSG,2827,0,0,0
797,"NAD83(HARN) / New York East",tmerc,GRS80,"+proj=tmerc +lat_0=38.83333333333334 +lon_0=-74.5 +k=0.9999 +x_0=150000 +y_0=0 +ellps=GRS80 +towgs84=0,0,0,0,0,0,0 +units=m +no_defs",2828,EPSG,2828,0,0,0
798,"NAD83(HARN) / New York Central",tmerc,GRS80,"+proj=tmerc +lat_0=40 +lon_0=-76.58333333333333 +k=0.9999375 +x_0=250000 +y_0=0 +ellps=GRS80 +towgs84=0,0,0,0,0,0,0 +units=m +no_defs",2829,EPSG,2829,0,0,0
799,"NAD83(HARN) / New York West",tmerc,GRS80,"+proj=tmerc +lat_0=40 +lon_0=-78.58333333333333 +k=0.9999375 +x_0=350000 +y_0=0 +ellps=GRS80 +towgs84=0,0,0,0,0,0,0 +units=m +no_defs",2830,EPSG,2830,0,0,0
800,"NAD83(HARN) / New York Long Island",lcc,GRS80,"+proj=lcc +lat_1=41.03333333333333 +lat_2=40.66666666666666 +lat_0=40.16666666666666 +lon_0=-74 +x_0=300000 +y_0=0 +ellps=GRS80 +towgs84=0,0,0,0,0,0,0 +units=m +no_defs",2831,EPSG,2831,0,0,0
801,"NAD83(HARN) / North Dakota North",lcc,GRS80,"+proj=lcc +lat_1=48.73333333333333 +lat_2=47.43333333333333 +lat_0=47 +lon_0=-100.5 +x_0=600000 +y_0=0 +ellps=GRS80 +towgs84=0,0,0,0,0,0,0 +units=m +no_defs",2832,EPSG,2832,0,0,0
802,"NAD83(HARN) / North Dakota South",lcc,GRS80,"+proj=lcc +lat_1=47.48333333333333 +lat_2=46.18333333333333 +lat_0=45.66666666666666 +lon_0=-100.5 +x_0=600000 +y_0=0 +ellps=GRS80 +towgs84=0,0,0,0,0,0,0 +units=m +no_defs",2833,EPSG,2833,0,0,0
803,"NAD83(HARN) / Ohio North",lcc,GRS80,"+proj=lcc +lat_1=41.7 +lat_2=40.43333333333333 +lat_0=39.66666666666666 +lon_0=-82.5 +x_0=600000 +y_0=0 +ellps=GRS80 +towgs84=0,0,0,0,0,0,0 +units=m +no_defs",2834,EPSG,2834,0,0,0
804,"NAD83(HARN) / Ohio South",lcc,GRS80,"+proj=lcc +lat_1=40.03333333333333 +lat_2=38.73333333333333 +lat_0=38 +lon_0=-82.5 +x_0=600000 +y_0=0 +ellps=GRS80 +towgs84=0,0,0,0,0,0,0 +units=m +no_defs",2835,EPSG,2835,0,0,0
805,"NAD83(HARN) / Oklahoma North",lcc,GRS80,"+proj=lcc +lat_1=36.76666666666667 +lat_2=35.56666666666667 +lat_0=35 +lon_0=-98 +x_0=600000 +y_0=0 +ellps=GRS80 +towgs84=0,0,0,0,0,0,0 +units=m +no_defs",2836,EPSG,2836,0,0,0
806,"NAD83(HARN) / Oklahoma South",lcc,GRS80,"+proj=lcc +lat_1=35.23333333333333 +lat_2=33.93333333333333 +lat_0=33.33333333333334 +lon_0=-98 +x_0=600000 +y_0=0 +ellps=GRS80 +towgs84=0,0,0,0,0,0,0 +units=m +no_defs",2837,EPSG,2837,0,0,0
807,"NAD83(HARN) / Oregon North",lcc,GRS80,"+proj=lcc +lat_1=46 +lat_2=44.33333333333334 +lat_0=43.66666666666666 +lon_0=-120.5 +x_0=2500000 +y_0=0 +ellps=GRS80 +towgs84=0,0,0,0,0,0,0 +units=m +no_defs",2838,EPSG,2838,0,0,0
808,"NAD83(HARN) / Oregon South",lcc,GRS80,"+proj=lcc +lat_1=44 +lat_2=42.33333333333334 +lat_0=41.66666666666666 +lon_0=-120.5 +x_0=1500000 +y_0=0 +ellps=GRS80 +towgs84=0,0,0,0,0,0,0 +units=m +no_defs",2839,EPSG,2839,0,0,0
809,"NAD83(HARN) / Rhode Island",tmerc,GRS80,"+proj=tmerc +lat_0=41.08333333333334 +lon_0=-71.5 +k=0.99999375 +x_0=100000 +y_0=0 +ellps=GRS80 +towgs84=0,0,0,0,0,0,0 +units=m +no_defs",2840,EPSG,2840,0,0,0
810,"NAD83(HARN) / South Dakota North",lcc,GRS80,"+proj=lcc +lat_1=45.68333333333333 +lat_2=44.41666666666666 +lat_0=43.83333333333334 +lon_0=-100 +x_0=600000 +y_0=0 +ellps=GRS80 +towgs84=0,0,0,0,0,0,0 +units=m +no_defs",2841,EPSG,2841,0,0,0
811,"NAD83(HARN) / South Dakota South",lcc,GRS80,"+proj=lcc +lat_1=44.4 +lat_2=42.83333333333334 +lat_0=42.33333333333334 +lon_0=-100.3333333333333 +x_0=600000 +y_0=0 +ellps=GRS80 +towgs84=0,0,0,0,0,0,0 +units=m +no_defs",2842,EPSG,2842,0,0,0
812,"NAD83(HARN) / Tennessee",lcc,GRS80,"+proj=lcc +lat_1=36.41666666666666 +lat_2=35.25 +lat_0=34.33333333333334 +lon_0=-86 +x_0=600000 +y_0=0 +ellps=GRS80 +towgs84=0,0,0,0,0,0,0 +units=m +no_defs",2843,EPSG,2843,0,0,0
813,"NAD83(HARN) / Texas North",lcc,GRS80,"+proj=lcc +lat_1=36.18333333333333 +lat_2=34.65 +lat_0=34 +lon_0=-101.5 +x_0=200000 +y_0=1000000 +ellps=GRS80 +towgs84=0,0,0,0,0,0,0 +units=m +no_defs",2844,EPSG,2844,0,0,0
814,"NAD83(HARN) / Texas North Central",lcc,GRS80,"+proj=lcc +lat_1=33.96666666666667 +lat_2=32.13333333333333 +lat_0=31.66666666666667 +lon_0=-98.5 +x_0=600000 +y_0=2000000 +ellps=GRS80 +towgs84=0,0,0,0,0,0,0 +units=m +no_defs",2845,EPSG,2845,0,0,0
815,"NAD83(HARN) / Texas Central",lcc,GRS80,"+proj=lcc +lat_1=31.88333333333333 +lat_2=30.11666666666667 +lat_0=29.66666666666667 +lon_0=-100.3333333333333 +x_0=700000 +y_0=3000000 +ellps=GRS80 +towgs84=0,0,0,0,0,0,0 +units=m +no_defs",2846,EPSG,2846,0,0,0
816,"NAD83(HARN) / Texas South Central",lcc,GRS80,"+proj=lcc +lat_1=30.28333333333333 +lat_2=28.38333333333333 +lat_0=27.83333333333333 +lon_0=-99 +x_0=600000 +y_0=4000000 +ellps=GRS80 +towgs84=0,0,0,0,0,0,0 +units=m +no_defs",2847,EPSG,2847,0,0,0
817,"NAD83(HARN) / Texas South",lcc,GRS80,"+proj=lcc +lat_1=27.83333333333333 +lat_2=26.16666666666667 +lat_0=25.66666666666667 +lon_0=-98.5 +x_0=300000 +y_0=5000000 +ellps=GRS80 +towgs84=0,0,0,0,0,0,0 +units=m +no_defs",2848,EPSG,2848,0,0,0
818,"NAD83(HARN) / Utah North",lcc,GRS80,"+proj=lcc +lat_1=41.78333333333333 +lat_2=40.71666666666667 +lat_0=40.33333333333334 +lon_0=-111.5 +x_0=500000 +y_0=1000000 +ellps=GRS80 +towgs84=0,0,0,0,0,0,0 +units=m +no_defs",2849,EPSG,2849,0,0,0
819,"NAD83(HARN) / Utah Central",lcc,GRS80,"+proj=lcc +lat_1=40.65 +lat_2=39.01666666666667 +lat_0=38.33333333333334 +lon_0=-111.5 +x_0=500000 +y_0=2000000 +ellps=GRS80 +towgs84=0,0,0,0,0,0,0 +units=m +no_defs",2850,EPSG,2850,0,0,0
820,"NAD83(HARN) / Utah South",lcc,GRS80,"+proj=lcc +lat_1=38.35 +lat_2=37.21666666666667 +lat_0=36.66666666666666 +lon_0=-111.5 +x_0=500000 +y_0=3000000 +ellps=GRS80 +towgs84=0,0,0,0,0,0,0 +units=m +no_defs",2851,EPSG,2851,0,0,0
821,"NAD83(HARN) / Vermont",tmerc,GRS80,"+proj=tmerc +lat_0=42.5 +lon_0=-72.5 +k=0.999964286 +x_0=500000 +y_0=0 +ellps=GRS80 +towgs84=0,0,0,0,0,0,0 +units=m +no_defs",2852,EPSG,2852,0,0,0
822,"NAD83(HARN) / Virginia North",lcc,GRS80,"+proj=lcc +lat_1=39.2 +lat_2=38.03333333333333 +lat_0=37.66666666666666 +lon_0=-78.5 +x_0=3500000 +y_0=2000000 +ellps=GRS80 +towgs84=0,0,0,0,0,0,0 +units=m +no_defs",2853,EPSG,2853,0,0,0
823,"NAD83(HARN) / Virginia South",lcc,GRS80,"+proj=lcc +lat_1=37.96666666666667 +lat_2=36.76666666666667 +lat_0=36.33333333333334 +lon_0=-78.5 +x_0=3500000 +y_0=1000000 +ellps=GRS80 +towgs84=0,0,0,0,0,0,0 +units=m +no_defs",2854,EPSG,2854,0,0,0
824,"NAD83(HARN) / Washington North",lcc,GRS80,"+proj=lcc +lat_1=48.73333333333333 +lat_2=47.5 +lat_0=47 +lon_0=-120.8333333333333 +x_0=500000 +y_0=0 +ellps=GRS80 +towgs84=0,0,0,0,0,0,0 +units=m +no_defs",2855,EPSG,2855,0,0,0
825,"NAD83(HARN) / Washington South",lcc,GRS80,"+proj=lcc +lat_1=47.33333333333334 +lat_2=45.83333333333334 +lat_0=45.33333333333334 +lon_0=-120.5 +x_0=500000 +y_0=0 +ellps=GRS80 +towgs84=0,0,0,0,0,0,0 +units=m +no_defs",2856,EPSG,2856,0,0,0
826,"NAD83(HARN) / West Virginia North",lcc,GRS80,"+proj=lcc +lat_1=40.25 +lat_2=39 +lat_0=38.5 +lon_0=-79.5 +x_0=600000 +y_0=0 +ellps=GRS80 +towgs84=0,0,0,0,0,0,0 +units=m +no_defs",2857,EPSG,2857,0,0,0
827,"NAD83(HARN) / West Virginia South",lcc,GRS80,"+proj=lcc +lat_1=38.88333333333333 +lat_2=37.48333333333333 +lat_0=37 +lon_0=-81 +x_0=600000 +y_0=0 +ellps=GRS80 +towgs84=0,0,0,0,0,0,0 +units=m +no_defs",2858,EPSG,2858,0,0,0
828,"NAD83(HARN) / Wisconsin North",lcc,GRS80,"+proj=lcc +lat_1=46.76666666666667 +lat_2=45.56666666666667 +lat_0=45.16666666666666 +lon_0=-90 +x_0=600000 +y_0=0 +ellps=GRS80 +towgs84=0,0,0,0,0,0,0 +units=m +no_defs",2859,EPSG,2859,0,0,0
829,"NAD83(HARN) / Wisconsin Central",lcc,GRS80,"+proj=lcc +lat_1=45.5 +lat_2=44.25 +lat_0=43.83333333333334 +lon_0=-90 +x_0=600000 +y_0=0 +ellps=GRS80 +towgs84=0,0,0,0,0,0,0 +units=m +no_defs",2860,EPSG,2860,0,0,0
830,"NAD83(HARN) / Wisconsin South",lcc,GRS80,"+proj=lcc +lat_1=44.06666666666667 +lat_2=42.73333333333333 +lat_0=42 +lon_0=-90 +x_0=600000 +y_0=0 +ellps=GRS80 +towgs84=0,0,0,0,0,0,0 +units=m +no_defs",2861,EPSG,2861,0,0,0
831,"NAD83(HARN) / Wyoming East",tmerc,GRS80,"+proj=tmerc +lat_0=40.5 +lon_0=-105.1666666666667 +k=0.9999375 +x_0=200000 +y_0=0 +ellps=GRS80 +towgs84=0,0,0,0,0,0,0 +units=m +no_defs",2862,EPSG,2862,0,0,0
832,"NAD83(HARN) / Wyoming East Central",tmerc,GRS80,"+proj=tmerc +lat_0=40.5 +lon_0=-107.3333333333333 +k=0.9999375 +x_0=400000 +y_0=100000 +ellps=GRS80 +towgs84=0,0,0,0,0,0,0 +units=m +no_defs",2863,EPSG,2863,0,0,0
833,"NAD83(HARN) / Wyoming West Central",tmerc,GRS80,"+proj=tmerc +lat_0=40.5 +lon_0=-108.75 +k=0.9999375 +x_0=600000 +y_0=0 +ellps=GRS80 +towgs84=0,0,0,0,0,0,0 +units=m +no_defs",2864,EPSG,2864,0,0,0
834,"NAD83(HARN) / Wyoming West",tmerc,GRS80,"+proj=tmerc +lat_0=40.5 +lon_0=-110.0833333333333 +k=0.9999375 +x_0=800000 +y_0=100000 +ellps=GRS80 +towgs84=0,0,0,0,0,0,0 +units=m +no_defs",2865,EPSG,2865,0,0,0
835,"NAD83(HARN) / Puerto Rico & Virgin Is.",lcc,GRS80,"+proj=lcc +lat_1=18.43333333333333 +lat_2=18.03333333333333 +lat_0=17.83333333333333 +lon_0=-66.43333333333334 +x_0=200000 +y_0=200000 +ellps=GRS80 +towgs84=0,0,0,0,0,0,0 +units=m +no_defs",2866,EPSG,2866,0,0,0
836,"NAD83(HARN) / Arizona East (ft)",tmerc,GRS80,"+proj=tmerc +lat_0=31 +lon_0=-110.1666666666667 +k=0.9999 +x_0=213360 +y_0=0 +ellps=GRS80 +towgs84=0,0,0,0,0,0,0 +units=ft +no_defs",2867,EPSG,2867,0,0,0
837,"NAD83(HARN) / Arizona Central (ft)",tmerc,GRS80,"+proj=tmerc +lat_0=31 +lon_0=-111.9166666666667 +k=0.9999 +x_0=213360 +y_0=0 +ellps=GRS80 +towgs84=0,0,0,0,0,0,0 +units=ft +no_defs",2868,EPSG,2868,0,0,0
838,"NAD83(HARN) / Arizona West (ft)",tmerc,GRS80,"+proj=tmerc +lat_0=31 +lon_0=-113.75 +k=0.999933333 +x_0=213360 +y_0=0 +ellps=GRS80 +towgs84=0,0,0,0,0,0,0 +units=ft +no_defs",2869,EPSG,2869,0,0,0
865,"NAD83(HARN) / Michigan North (ft)",lcc,GRS80,"+proj=lcc +lat_1=47.08333333333334 +lat_2=45.48333333333333 +lat_0=44.78333333333333 +lon_0=-87 +x_0=7999999.999968001 +y_0=0 +ellps=GRS80 +towgs84=0,0,0,0,0,0,0 +units=ft +no_defs",2896,EPSG,2896,0,0,0
866,"NAD83(HARN) / Michigan Central (ft)",lcc,GRS80,"+proj=lcc +lat_1=45.7 +lat_2=44.18333333333333 +lat_0=43.31666666666667 +lon_0=-84.36666666666666 +x_0=5999999.999976001 +y_0=0 +ellps=GRS80 +towgs84=0,0,0,0,0,0,0 +units=ft +no_defs",2897,EPSG,2897,0,0,0
867,"NAD83(HARN) / Michigan South (ft)",lcc,GRS80,"+proj=lcc +lat_1=43.66666666666666 +lat_2=42.1 +lat_0=41.5 +lon_0=-84.36666666666666 +x_0=3999999.999984 +y_0=0 +ellps=GRS80 +towgs84=0,0,0,0,0,0,0 +units=ft +no_defs",2898,EPSG,2898,0,0,0
870,"NAD83(HARN) / Montana (ft)",lcc,GRS80,"+proj=lcc +lat_1=49 +lat_2=45 +lat_0=44.25 +lon_0=-109.5 +x_0=599999.9999976 +y_0=0 +ellps=GRS80 +towgs84=0,0,0,0,0,0,0 +units=ft +no_defs",2901,EPSG,2901,0,0,0
878,"NAD83(HARN) / North Dakota North (ft)",lcc,GRS80,"+proj=lcc +lat_1=48.73333333333333 +lat_2=47.43333333333333 +lat_0=47 +lon_0=-100.5 +x_0=599999.9999976 +y_0=0 +ellps=GRS80 +towgs84=0,0,0,0,0,0,0 +units=ft +no_defs",2909,EPSG,2909,0,0,0
879,"NAD83(HARN) / North Dakota South (ft)",lcc,GRS80,"+proj=lcc +lat_1=47.48333333333333 +lat_2=46.18333333333333 +lat_0=45.66666666666666 +lon_0=-100.5 +x_0=599999.9999976 +y_0=0 +ellps=GRS80 +towgs84=0,0,0,0,0,0,0 +units=ft +no_defs",2910,EPSG,2910,0,0,0
882,"NAD83(HARN) / Oregon North (ft)",lcc,GRS80,"+proj=lcc +lat_1=46 +lat_2=44.33333333333334 +lat_0=43.66666666666666 +lon_0=-120.5 +x_0=2500000.0001424 +y_0=0 +ellps=GRS80 +towgs84=0,0,0,0,0,0,0 +units=ft +no_defs",2913,EPSG,2913,0,0,0
883,"NAD83(HARN) / Oregon South (ft)",lcc,GRS80,"+proj=lcc +lat_1=44 +lat_2=42.33333333333334 +lat_0=41.66666666666666 +lon_0=-120.5 +x_0=1500000.0001464 +y_0=0 +ellps=GRS80 +towgs84=0,0,0,0,0,0,0 +units=ft +no_defs",2914,EPSG,2914,0,0,0
890,"NAD83(HARN) / Utah North (ft)",lcc,GRS80,"+proj=lcc +lat_1=41.78333333333333 +lat_2=40.71666666666667 +lat_0=40.33333333333334 +lon_0=-111.5 +x_0=500000.0001504 +y_0=999999.9999960001 +ellps=GRS80 +towgs84=0,0,0,0,0,0,0 +units=ft +no_defs",2921,EPSG,2921,0,0,0
891,"NAD83(HARN) / Utah Central (ft)",lcc,GRS80,"+proj=lcc +lat_1=40.65 +lat_2=39.01666666666667 +lat_0=38.33333333333334 +lon_0=-111.5 +x_0=500000.0001504 +y_0=1999999.999992 +ellps=GRS80 +towgs84=0,0,0,0,0,0,0 +units=ft +no_defs",2922,EPSG,2922,0,0,0
892,"NAD83(HARN) / Utah South (ft)",lcc,GRS80,"+proj=lcc +lat_1=38.35 +lat_2=37.21666666666667 +lat_0=36.66666666666666 +lon_0=-111.5 +x_0=500000.0001504 +y_0=2999999.999988 +ellps=GRS80 +towgs84=0,0,0,0,0,0,0 +units=ft +no_defs",2923,EPSG,2923,0,0,0
958,"NAD83(HARN) / Oregon Lambert",lcc,GRS80,"+proj=lcc +lat_1=43 +lat_2=45.5 +lat_0=41.75 +lon_0=-120.5 +x_0=400000 +y_0=0 +ellps=GRS80 +towgs84=0,0,0,0,0,0,0 +units=m +no_defs",2993,EPSG,2993,0,0,0
959,"NAD83(HARN) / Oregon Lambert (ft)",lcc,GRS80,"+proj=lcc +lat_1=43 +lat_2=45.5 +lat_0=41.75 +lon_0=-120.5 +x_0=399999.9999984 +y_0=0 +ellps=GRS80 +towgs84=0,0,0,0,0,0,0 +units=ft +no_defs",2994,EPSG,2994,0,0,0
1034,"NAD83(HARN) / Wisconsin Transverse Mercator",tmerc,GRS80,"+proj=tmerc +lat_0=0 +lon_0=-90 +k=0.9996 +x_0=520000 +y_0=-4480000 +ellps=GRS80 +towgs84=0,0,0,0,0,0,0 +units=m +no_defs",3071,EPSG,3071,0,0,0
1038,"NAD83(HARN) / Maine CS2000 East",tmerc,GRS80,"+proj=tmerc +lat_0=43.83333333333334 +lon_0=-67.875 +k=0.99998 +x_0=700000 +y_0=0 +ellps=GRS80 +towgs84=0,0,0,0,0,0,0 +units=m +no_defs",3075,EPSG,3075,0,0,0
1040,"NAD83(HARN) / Maine CS2000 West",tmerc,GRS80,"+proj=tmerc +lat_0=42.83333333333334 +lon_0=-70.375 +k=0.99998 +x_0=300000 +y_0=0 +ellps=GRS80 +towgs84=0,0,0,0,0,0,0 +units=m +no_defs",3077,EPSG,3077,0,0,0
1042,"NAD83(HARN) / Michigan Oblique Mercator",omerc,GRS80,"+proj=omerc +lat_0=45.30916666666666 +lonc=-86 +alpha=337.25556 +k=0.9996 +x_0=2546731.496 +y_0=-4354009.816 +gamma=337.25556 +ellps=GRS80 +towgs84=0,0,0,0,0,0,0 +units=m +no_defs",3079,EPSG,3079,0,0,0
1047,"NAD83(HARN) / Texas Centric Lambert Conformal",lcc,GRS80,"+proj=lcc +lat_1=27.5 +lat_2=35 +lat_0=18 +lon_0=-100 +x_0=1500000 +y_0=5000000 +ellps=GRS80 +towgs84=0,0,0,0,0,0,0 +units=m +no_defs",3084,EPSG,3084,0,0,0
1048,"NAD83(HARN) / Texas Centric Albers Equal Area",aea,GRS80,"+proj=aea +lat_1=27.5 +lat_2=35 +lat_0=18 +lon_0=-100 +x_0=1500000 +y_0=6000000 +ellps=GRS80 +towgs84=0,0,0,0,0,0,0 +units=m +no_defs",3085,EPSG,3085,0,0,0
1050,"NAD83(HARN) / Florida GDL Albers",aea,GRS80,"+proj=aea +lat_1=24 +lat_2=31.5 +lat_0=24 +lon_0=-84 +x_0=400000 +y_0=0 +ellps=GRS80 +towgs84=0,0,0,0,0,0,0 +units=m +no_defs",3087,EPSG,3087,0,0,0
1053,"NAD83(HARN) / Kentucky Single Zone",lcc,GRS80,"+proj=lcc +lat_1=37.08333333333334 +lat_2=38.66666666666666 +lat_0=36.33333333333334 +lon_0=-85.75 +x_0=1500000 +y_0=1000000 +ellps=GRS80 +towgs84=0,0,0,0,0,0,0 +units=m +no_defs",3090,EPSG,3090,0,0,0
1269,"NAD83(HARN) / California Albers",aea,GRS80,"+proj=aea +lat_1=34 +lat_2=40.5 +lat_0=0 +lon_0=-120 +x_0=0 +y_0=-4000000 +ellps=GRS80 +towgs84=0,0,0,0,0,0,0 +units=m +no_defs",3311,EPSG,3311,0,0,0
1316,"NAD83(HARN) / North Carolina",lcc,GRS80,"+proj=lcc +lat_1=36.16666666666666 +lat_2=34.33333333333334 +lat_0=33.75 +lon_0=-79 +x_0=609601.22 +y_0=0 +ellps=GRS80 +towgs84=0,0,0,0,0,0,0 +units=m +no_defs",3358,EPSG,3358,0,0,0
1318,"NAD83(HARN) / South Carolina",lcc,GRS80,"+proj=lcc +lat_1=34.83333333333334 +lat_2=32.5 +lat_0=31.83333333333333 +lon_0=-81 +x_0=609600 +y_0=0 +ellps=GRS80 +towgs84=0,0,0,0,0,0,0 +units=m +no_defs",3360,EPSG,3360,0,0,0
1319,"NAD83(HARN) / South Carolina (ft)",lcc,GRS80,"+proj=lcc +lat_1=34.83333333333334 +lat_2=32.5 +lat_0=31.83333333333333 +lon_0=-81 +x_0=609600 +y_0=0 +ellps=GRS80 +towgs84=0,0,0,0,0,0,0 +units=ft +no_defs",3361,EPSG,3361,0,0,0
1320,"NAD83(HARN) / Pennsylvania North",lcc,GRS80,"+proj=lcc +lat_1=41.95 +lat_2=40.88333333333333 +lat_0=40.16666666666666 +lon_0=-77.75 +x_0=600000 +y_0=0 +ellps=GRS80 +towgs84=0,0,0,0,0,0,0 +units=m +no_defs",3362,EPSG,3362,0,0,0
1322,"NAD83(HARN) / Pennsylvania South",lcc,GRS80,"+proj=lcc +lat_1=40.96666666666667 +lat_2=39.93333333333333 +lat_0=39.33333333333334 +lon_0=-77.75 +x_0=600000 +y_0=0 +ellps=GRS80 +towgs84=0,0,0,0,0,0,0 +units=m +no_defs",3364,EPSG,3364,0,0,0
1422,"NAD83(HARN) / Maine CS2000 Central",tmerc,GRS80,"+proj=tmerc +lat_0=43.5 +lon_0=-69.125 +k=0.99998 +x_0=500000 +y_0=0 +ellps=GRS80 +towgs84=0,0,0,0,0,0,0 +units=m +no_defs",3464,EPSG,3464,0,0,0
27216,"NAD83(HARN) / Mississippi TM",tmerc,GRS80,"+proj=tmerc +lat_0=32.5 +lon_0=-89.75 +k=0.9998335 +x_0=500000 +y_0=1300000 +ellps=GRS80 +towgs84=0,0,0,0,0,0,0 +units=m +no_defs",3815,EPSG,3815,0,0,
27395,"NAD83(HARN) / Virginia Lambert",lcc,GRS80,"+proj=lcc +lat_1=37 +lat_2=39.5 +lat_0=36 +lon_0=-79.5 +x_0=0 +y_0=0 +ellps=GRS80 +towgs84=0,0,0,0,0,0,0 +units=m +no_defs",3969,EPSG,3969,0,0,
27652,"NAD83(HARN) / Guam Map Grid",tmerc,GRS80,"+proj=tmerc +lat_0=13.5 +lon_0=144.75 +k=1 +x_0=100000 +y_0=200000 +ellps=GRS80 +towgs84=0,0,0,0,0,0,0 +units=m +no_defs",4414,EPSG,4414,0,0,
28002,"NAD83(HARN) / Conus Albers",aea,GRS80,"+proj=aea +lat_1=29.5 +lat_2=45.5 +lat_0=23 +lon_0=-96 +x_0=0 +y_0=0 +ellps=GRS80 +towgs84=0,0,0,0,0,0,0 +units=m +no_defs",5071,EPSG,5071,0,0,
839,"NAD83(HARN) / California zone 1 (ftUS)",lcc,GRS80,"+proj=lcc +lat_1=41.66666666666666 +lat_2=40 +lat_0=39.33333333333334 +lon_0=-122 +x_0=2000000.0001016 +y_0=500000.0001016001 +ellps=GRS80 +towgs84=0,0,0,0,0,0,0 +units=us-ft +no_defs",2870,EPSG,2870,0,0,0
840,"NAD83(HARN) / California zone 2 (ftUS)",lcc,GRS80,"+proj=lcc +lat_1=39.83333333333334 +lat_2=38.33333333333334 +lat_0=37.66666666666666 +lon_0=-122 +x_0=2000000.0001016 +y_0=500000.0001016001 +ellps=GRS80 +towgs84=0,0,0,0,0,0,0 +units=us-ft +no_defs",2871,EPSG,2871,0,0,0
841,"NAD83(HARN) / California zone 3 (ftUS)",lcc,GRS80,"+proj=lcc +lat_1=38.43333333333333 +lat_2=37.06666666666667 +lat_0=36.5 +lon_0=-120.5 +x_0=2000000.0001016 +y_0=500000.0001016001 +ellps=GRS80 +towgs84=0,0,0,0,0,0,0 +units=us-ft +no_defs",2872,EPSG,2872,0,0,0
842,"NAD83(HARN) / California zone 4 (ftUS)",lcc,GRS80,"+proj=lcc +lat_1=37.25 +lat_2=36 +lat_0=35.33333333333334 +lon_0=-119 +x_0=2000000.0001016 +y_0=500000.0001016001 +ellps=GRS80 +towgs84=0,0,0,0,0,0,0 +units=us-ft +no_defs",2873,EPSG,2873,0,0,0
843,"NAD83(HARN) / California zone 5 (ftUS)",lcc,GRS80,"+proj=lcc +lat_1=35.46666666666667 +lat_2=34.03333333333333 +lat_0=33.5 +lon_0=-118 +x_0=2000000.0001016 +y_0=500000.0001016001 +ellps=GRS80 +towgs84=0,0,0,0,0,0,0 +units=us-ft +no_defs",2874,EPSG,2874,0,0,0
844,"NAD83(HARN) / California zone 6 (ftUS)",lcc,GRS80,"+proj=lcc +lat_1=33.88333333333333 +lat_2=32.78333333333333 +lat_0=32.16666666666666 +lon_0=-116.25 +x_0=2000000.0001016 +y_0=500000.0001016001 +ellps=GRS80 +towgs84=0,0,0,0,0,0,0 +units=us-ft +no_defs",2875,EPSG,2875,0,0,0
845,"NAD83(HARN) / Colorado North (ftUS)",lcc,GRS80,"+proj=lcc +lat_1=40.78333333333333 +lat_2=39.71666666666667 +lat_0=39.33333333333334 +lon_0=-105.5 +x_0=914401.8288036576 +y_0=304800.6096012192 +ellps=GRS80 +towgs84=0,0,0,0,0,0,0 +units=us-ft +no_defs",2876,EPSG,2876,0,0,0
846,"NAD83(HARN) / Colorado Central (ftUS)",lcc,GRS80,"+proj=lcc +lat_1=39.75 +lat_2=38.45 +lat_0=37.83333333333334 +lon_0=-105.5 +x_0=914401.8288036576 +y_0=304800.6096012192 +ellps=GRS80 +towgs84=0,0,0,0,0,0,0 +units=us-ft +no_defs",2877,EPSG,2877,0,0,0
847,"NAD83(HARN) / Colorado South (ftUS)",lcc,GRS80,"+proj=lcc +lat_1=38.43333333333333 +lat_2=37.23333333333333 +lat_0=36.66666666666666 +lon_0=-105.5 +x_0=914401.8288036576 +y_0=304800.6096012192 +ellps=GRS80 +towgs84=0,0,0,0,0,0,0 +units=us-ft +no_defs",2878,EPSG,2878,0,0,0
848,"NAD83(HARN) / Connecticut (ftUS)",lcc,GRS80,"+proj=lcc +lat_1=41.86666666666667 +lat_2=41.2 +lat_0=40.83333333333334 +lon_0=-72.75 +x_0=304800.6096012192 +y_0=152400.3048006096 +ellps=GRS80 +towgs84=0,0,0,0,0,0,0 +units=us-ft +no_defs",2879,EPSG,2879,0,0,0
849,"NAD83(HARN) / Delaware (ftUS)",tmerc,GRS80,"+proj=tmerc +lat_0=38 +lon_0=-75.41666666666667 +k=0.999995 +x_0=200000.0001016002 +y_0=0 +ellps=GRS80 +towgs84=0,0,0,0,0,0,0 +units=us-ft +no_defs",2880,EPSG,2880,0,0,0
850,"NAD83(HARN) / Florida East (ftUS)",tmerc,GRS80,"+proj=tmerc +lat_0=24.33333333333333 +lon_0=-81 +k=0.999941177 +x_0=200000.0001016002 +y_0=0 +ellps=GRS80 +towgs84=0,0,0,0,0,0,0 +units=us-ft +no_defs",2881,EPSG,2881,0,0,0
851,"NAD83(HARN) / Florida West (ftUS)",tmerc,GRS80,"+proj=tmerc +lat_0=24.33333333333333 +lon_0=-82 +k=0.999941177 +x_0=200000.0001016002 +y_0=0 +ellps=GRS80 +towgs84=0,0,0,0,0,0,0 +units=us-ft +no_defs",2882,EPSG,2882,0,0,0
852,"NAD83(HARN) / Florida North (ftUS)",lcc,GRS80,"+proj=lcc +lat_1=30.75 +lat_2=29.58333333333333 +lat_0=29 +lon_0=-84.5 +x_0=600000 +y_0=0 +ellps=GRS80 +towgs84=0,0,0,0,0,0,0 +units=us-ft +no_defs",2883,EPSG,2883,0,0,0
853,"NAD83(HARN) / Georgia East (ftUS)",tmerc,GRS80,"+proj=tmerc +lat_0=30 +lon_0=-82.16666666666667 +k=0.9999 +x_0=200000.0001016002 +y_0=0 +ellps=GRS80 +towgs84=0,0,0,0,0,0,0 +units=us-ft +no_defs",2884,EPSG,2884,0,0,0
854,"NAD83(HARN) / Georgia West (ftUS)",tmerc,GRS80,"+proj=tmerc +lat_0=30 +lon_0=-84.16666666666667 +k=0.9999 +x_0=699999.9998983998 +y_0=0 +ellps=GRS80 +towgs84=0,0,0,0,0,0,0 +units=us-ft +no_defs",2885,EPSG,2885,0,0,0
855,"NAD83(HARN) / Idaho East (ftUS)",tmerc,GRS80,"+proj=tmerc +lat_0=41.66666666666666 +lon_0=-112.1666666666667 +k=0.9999473679999999 +x_0=200000.0001016002 +y_0=0 +ellps=GRS80 +towgs84=0,0,0,0,0,0,0 +units=us-ft +no_defs",2886,EPSG,2886,0,0,0
856,"NAD83(HARN) / Idaho Central (ftUS)",tmerc,GRS80,"+proj=tmerc +lat_0=41.66666666666666 +lon_0=-114 +k=0.9999473679999999 +x_0=500000.0001016001 +y_0=0 +ellps=GRS80 +towgs84=0,0,0,0,0,0,0 +units=us-ft +no_defs",2887,EPSG,2887,0,0,0
857,"NAD83(HARN) / Idaho West (ftUS)",tmerc,GRS80,"+proj=tmerc +lat_0=41.66666666666666 +lon_0=-115.75 +k=0.999933333 +x_0=800000.0001016001 +y_0=0 +ellps=GRS80 +towgs84=0,0,0,0,0,0,0 +units=us-ft +no_defs",2888,EPSG,2888,0,0,0
860,"NAD83(HARN) / Kentucky North (ftUS)",lcc,GRS80,"+proj=lcc +lat_1=37.96666666666667 +lat_2=38.96666666666667 +lat_0=37.5 +lon_0=-84.25 +x_0=500000.0001016001 +y_0=0 +ellps=GRS80 +towgs84=0,0,0,0,0,0,0 +units=us-ft +no_defs",2891,EPSG,2891,0,0,0
861,"NAD83(HARN) / Kentucky South (ftUS)",lcc,GRS80,"+proj=lcc +lat_1=37.93333333333333 +lat_2=36.73333333333333 +lat_0=36.33333333333334 +lon_0=-85.75 +x_0=500000.0001016001 +y_0=500000.0001016001 +ellps=GRS80 +towgs84=0,0,0,0,0,0,0 +units=us-ft +no_defs",2892,EPSG,2892,0,0,0
862,"NAD83(HARN) / Maryland (ftUS)",lcc,GRS80,"+proj=lcc +lat_1=39.45 +lat_2=38.3 +lat_0=37.66666666666666 +lon_0=-77 +x_0=399999.9998983998 +y_0=0 +ellps=GRS80 +towgs84=0,0,0,0,0,0,0 +units=us-ft +no_defs",2893,EPSG,2893,0,0,0
863,"NAD83(HARN) / Massachusetts Mainland (ftUS)",lcc,GRS80,"+proj=lcc +lat_1=42.68333333333333 +lat_2=41.71666666666667 +lat_0=41 +lon_0=-71.5 +x_0=200000.0001016002 +y_0=750000 +ellps=GRS80 +towgs84=0,0,0,0,0,0,0 +units=us-ft +no_defs",2894,EPSG,2894,0,0,0
864,"NAD83(HARN) / Massachusetts Island (ftUS)",lcc,GRS80,"+proj=lcc +lat_1=41.48333333333333 +lat_2=41.28333333333333 +lat_0=41 +lon_0=-70.5 +x_0=500000.0001016001 +y_0=0 +ellps=GRS80 +towgs84=0,0,0,0,0,0,0 +units=us-ft +no_defs",2895,EPSG,2895,0,0,0
868,"NAD83(HARN) / Mississippi East (ftUS)",tmerc,GRS80,"+proj=tmerc +lat_0=29.5 +lon_0=-88.83333333333333 +k=0.99995 +x_0=300000.0000000001 +y_0=0 +ellps=GRS80 +towgs84=0,0,0,0,0,0,0 +units=us-ft +no_defs",2899,EPSG,2899,0,0,0
869,"NAD83(HARN) / Mississippi West (ftUS)",tmerc,GRS80,"+proj=tmerc +lat_0=29.5 +lon_0=-90.33333333333333 +k=0.99995 +x_0=699999.9998983998 +y_0=0 +ellps=GRS80 +towgs84=0,0,0,0,0,0,0 +units=us-ft +no_defs",2900,EPSG,2900,0,0,0
871,"NAD83(HARN) / New Mexico East (ftUS)",tmerc,GRS80,"+proj=tmerc +lat_0=31 +lon_0=-104.3333333333333 +k=0.999909091 +x_0=165000 +y_0=0 +ellps=GRS80 +towgs84=0,0,0,0,0,0,0 +units=us-ft +no_defs",2902,EPSG,2902,0,0,0
872,"NAD83(HARN) / New Mexico Central (ftUS)",tmerc,GRS80,"+proj=tmerc +lat_0=31 +lon_0=-106.25 +k=0.9999 +x_0=500000.0001016001 +y_0=0 +ellps=GRS80 +towgs84=0,0,0,0,0,0,0 +units=us-ft +no_defs",2903,EPSG,2903,0,0,0
873,"NAD83(HARN) / New Mexico West (ftUS)",tmerc,GRS80,"+proj=tmerc +lat_0=31 +lon_0=-107.8333333333333 +k=0.999916667 +x_0=830000.0001016001 +y_0=0 +ellps=GRS80 +towgs84=0,0,0,0,0,0,0 +units=us-ft +no_defs",2904,EPSG,2904,0,0,0
874,"NAD83(HARN) / New York East (ftUS)",tmerc,GRS80,"+proj=tmerc +lat_0=38.83333333333334 +lon_0=-74.5 +k=0.9999 +x_0=150000 +y_0=0 +ellps=GRS80 +towgs84=0,0,0,0,0,0,0 +units=us-ft +no_defs",2905,EPSG,2905,0,0,0
875,"NAD83(HARN) / New York Central (ftUS)",tmerc,GRS80,"+proj=tmerc +lat_0=40 +lon_0=-76.58333333333333 +k=0.9999375 +x_0=249999.9998983998 +y_0=0 +ellps=GRS80 +towgs84=0,0,0,0,0,0,0 +units=us-ft +no_defs",2906,EPSG,2906,0,0,0
876,"NAD83(HARN) / New York West (ftUS)",tmerc,GRS80,"+proj=tmerc +lat_0=40 +lon_0=-78.58333333333333 +k=0.9999375 +x_0=350000.0001016001 +y_0=0 +ellps=GRS80 +towgs84=0,0,0,0,0,0,0 +units=us-ft +no_defs",2907,EPSG,2907,0,0,0
877,"NAD83(HARN) / New York Long Island (ftUS)",lcc,GRS80,"+proj=lcc +lat_1=41.03333333333333 +lat_2=40.66666666666666 +lat_0=40.16666666666666 +lon_0=-74 +x_0=300000.0000000001 +y_0=0 +ellps=GRS80 +towgs84=0,0,0,0,0,0,0 +units=us-ft +no_defs",2908,EPSG,2908,0,0,0
880,"NAD83(HARN) / Oklahoma North (ftUS)",lcc,GRS80,"+proj=lcc +lat_1=36.76666666666667 +lat_2=35.56666666666667 +lat_0=35 +lon_0=-98 +x_0=600000 +y_0=0 +ellps=GRS80 +towgs84=0,0,0,0,0,0,0 +units=us-ft +no_defs",2911,EPSG,2911,0,0,0
881,"NAD83(HARN) / Oklahoma South (ftUS)",lcc,GRS80,"+proj=lcc +lat_1=35.23333333333333 +lat_2=33.93333333333333 +lat_0=33.33333333333334 +lon_0=-98 +x_0=600000 +y_0=0 +ellps=GRS80 +towgs84=0,0,0,0,0,0,0 +units=us-ft +no_defs",2912,EPSG,2912,0,0,0
884,"NAD83(HARN) / Tennessee (ftUS)",lcc,GRS80,"+proj=lcc +lat_1=36.41666666666666 +lat_2=35.25 +lat_0=34.33333333333334 +lon_0=-86 +x_0=600000 +y_0=0 +ellps=GRS80 +towgs84=0,0,0,0,0,0,0 +units=us-ft +no_defs",2915,EPSG,2915,0,0,0
885,"NAD83(HARN) / Texas North (ftUS)",lcc,GRS80,"+proj=lcc +lat_1=36.18333333333333 +lat_2=34.65 +lat_0=34 +lon_0=-101.5 +x_0=200000.0001016002 +y_0=999999.9998983998 +ellps=GRS80 +towgs84=0,0,0,0,0,0,0 +units=us-ft +no_defs",2916,EPSG,2916,0,0,0
886,"NAD83(HARN) / Texas North Central (ftUS)",lcc,GRS80,"+proj=lcc +lat_1=33.96666666666667 +lat_2=32.13333333333333 +lat_0=31.66666666666667 +lon_0=-98.5 +x_0=600000 +y_0=2000000.0001016 +ellps=GRS80 +towgs84=0,0,0,0,0,0,0 +units=us-ft +no_defs",2917,EPSG,2917,0,0,0
887,"NAD83(HARN) / Texas Central (ftUS)",lcc,GRS80,"+proj=lcc +lat_1=31.88333333333333 +lat_2=30.11666666666667 +lat_0=29.66666666666667 +lon_0=-100.3333333333333 +x_0=699999.9998983998 +y_0=3000000 +ellps=GRS80 +towgs84=0,0,0,0,0,0,0 +units=us-ft +no_defs",2918,EPSG,2918,0,0,0
888,"NAD83(HARN) / Texas South Central (ftUS)",lcc,GRS80,"+proj=lcc +lat_1=30.28333333333333 +lat_2=28.38333333333333 +lat_0=27.83333333333333 +lon_0=-99 +x_0=600000 +y_0=3999999.9998984 +ellps=GRS80 +towgs84=0,0,0,0,0,0,0 +units=us-ft +no_defs",2919,EPSG,2919,0,0,0
889,"NAD83(HARN) / Texas South (ftUS)",lcc,GRS80,"+proj=lcc +lat_1=27.83333333333333 +lat_2=26.16666666666667 +lat_0=25.66666666666667 +lon_0=-98.5 +x_0=300000.0000000001 +y_0=5000000.0001016 +ellps=GRS80 +towgs84=0,0,0,0,0,0,0 +units=us-ft +no_defs",2920,EPSG,2920,0,0,0
893,"NAD83(HARN) / Virginia North (ftUS)",lcc,GRS80,"+proj=lcc +lat_1=39.2 +lat_2=38.03333333333333 +lat_0=37.66666666666666 +lon_0=-78.5 +x_0=3500000.0001016 +y_0=2000000.0001016 +ellps=GRS80 +towgs84=0,0,0,0,0,0,0 +units=us-ft +no_defs",2924,EPSG,2924,0,0,0
894,"NAD83(HARN) / Virginia South (ftUS)",lcc,GRS80,"+proj=lcc +lat_1=37.96666666666667 +lat_2=36.76666666666667 +lat_0=36.33333333333334 +lon_0=-78.5 +x_0=3500000.0001016 +y_0=999999.9998983998 +ellps=GRS80 +towgs84=0,0,0,0,0,0,0 +units=us-ft +no_defs",2925,EPSG,2925,0,0,0
895,"NAD83(HARN) / Washington North (ftUS)",lcc,GRS80,"+proj=lcc +lat_1=48.73333333333333 +lat_2=47.5 +lat_0=47 +lon_0=-120.8333333333333 +x_0=500000.0001016001 +y_0=0 +ellps=GRS80 +towgs84=0,0,0,0,0,0,0 +units=us-ft +no_defs",2926,EPSG,2926,0,0,0
896,"NAD83(HARN) / Washington South (ftUS)",lcc,GRS80,"+proj=lcc +lat_1=47.33333333333334 +lat_2=45.83333333333334 +lat_0=45.33333333333334 +lon_0=-120.5 +x_0=500000.0001016001 +y_0=0 +ellps=GRS80 +towgs84=0,0,0,0,0,0,0 +units=us-ft +no_defs",2927,EPSG,2927,0,0,0
897,"NAD83(HARN) / Wisconsin North (ftUS)",lcc,GRS80,"+proj=lcc +lat_1=46.76666666666667 +lat_2=45.56666666666667 +lat_0=45.16666666666666 +lon_0=-90 +x_0=600000 +y_0=0 +ellps=GRS80 +towgs84=0,0,0,0,0,0,0 +units=us-ft +no_defs",2928,EPSG,2928,0,0,0
898,"NAD83(HARN) / Wisconsin Central (ftUS)",lcc,GRS80,"+proj=lcc +lat_1=45.5 +lat_2=44.25 +lat_0=43.83333333333334 +lon_0=-90 +x_0=600000 +y_0=0 +ellps=GRS80 +towgs84=0,0,0,0,0,0,0 +units=us-ft +no_defs",2929,EPSG,2929,0,0,0
899,"NAD83(HARN) / Wisconsin South (ftUS)",lcc,GRS80,"+proj=lcc +lat_1=44.06666666666667 +lat_2=42.73333333333333 +lat_0=42 +lon_0=-90 +x_0=600000 +y_0=0 +ellps=GRS80 +towgs84=0,0,0,0,0,0,0 +units=us-ft +no_defs",2930,EPSG,2930,0,0,0
935,"NAD83(HARN) / Indiana East (ftUS)",tmerc,GRS80,"+proj=tmerc +lat_0=37.5 +lon_0=-85.66666666666667 +k=0.999966667 +x_0=99999.99989839978 +y_0=249999.9998983998 +ellps=GRS80 +towgs84=0,0,0,0,0,0,0 +units=us-ft +no_defs",2967,EPSG,2967,0,0,0
936,"NAD83(HARN) / Indiana West (ftUS)",tmerc,GRS80,"+proj=tmerc +lat_0=37.5 +lon_0=-87.08333333333333 +k=0.999966667 +x_0=900000 +y_0=249999.9998983998 +ellps=GRS80 +towgs84=0,0,0,0,0,0,0 +units=us-ft +no_defs",2968,EPSG,2968,0,0,0
1054,"NAD83(HARN) / Kentucky Single Zone (ftUS)",lcc,GRS80,"+proj=lcc +lat_1=37.08333333333334 +lat_2=38.66666666666666 +lat_0=36.33333333333334 +lon_0=-85.75 +x_0=1500000 +y_0=999999.9998983998 +ellps=GRS80 +towgs84=0,0,0,0,0,0,0 +units=us-ft +no_defs",3091,EPSG,3091,0,0,0
1321,"NAD83(HARN) / Pennsylvania North (ftUS)",lcc,GRS80,"+proj=lcc +lat_1=41.95 +lat_2=40.88333333333333 +lat_0=40.16666666666666 +lon_0=-77.75 +x_0=600000 +y_0=0 +ellps=GRS80 +towgs84=0,0,0,0,0,0,0 +units=us-ft +no_defs",3363,EPSG,3363,0,0,0
1323,"NAD83(HARN) / Pennsylvania South (ftUS)",lcc,GRS80,"+proj=lcc +lat_1=40.96666666666667 +lat_2=39.93333333333333 +lat_0=39.33333333333334 +lon_0=-77.75 +x_0=600000 +y_0=0 +ellps=GRS80 +towgs84=0,0,0,0,0,0,0 +units=us-ft +no_defs",3365,EPSG,3365,0,0,0
1362,"NAD83(HARN) / North Carolina (ftUS)",lcc,GRS80,"+proj=lcc +lat_1=36.16666666666666 +lat_2=34.33333333333334 +lat_0=33.75 +lon_0=-79 +x_0=609601.2192024384 +y_0=0 +ellps=GRS80 +towgs84=0,0,0,0,0,0,0 +units=us-ft +no_defs",3404,EPSG,3404,0,0,0
1383,"NAD83(HARN) / Iowa North (ft US)",lcc,GRS80,"+proj=lcc +lat_1=43.26666666666667 +lat_2=42.06666666666667 +lat_0=41.5 +lon_0=-93.5 +x_0=1500000 +y_0=999999.9999898402 +ellps=GRS80 +towgs84=0,0,0,0,0,0,0 +units=us-ft +no_defs",3425,EPSG,3425,0,0,0
1384,"NAD83(HARN) / Iowa South (ft US)",lcc,GRS80,"+proj=lcc +lat_1=41.78333333333333 +lat_2=40.61666666666667 +lat_0=40 +lon_0=-93.5 +x_0=500000.00001016 +y_0=0 +ellps=GRS80 +towgs84=0,0,0,0,0,0,0 +units=us-ft +no_defs",3426,EPSG,3426,0,0,0
1385,"NAD83(HARN) / Kansas North (ft US)",lcc,GRS80,"+proj=lcc +lat_1=39.78333333333333 +lat_2=38.71666666666667 +lat_0=38.33333333333334 +lon_0=-98 +x_0=399999.99998984 +y_0=0 +ellps=GRS80 +towgs84=0,0,0,0,0,0,0 +units=us-ft +no_defs",3427,EPSG,3427,0,0,0
1386,"NAD83(HARN) / Kansas South (ft US)",lcc,GRS80,"+proj=lcc +lat_1=38.56666666666667 +lat_2=37.26666666666667 +lat_0=36.66666666666666 +lon_0=-98.5 +x_0=399999.99998984 +y_0=399999.99998984 +ellps=GRS80 +towgs84=0,0,0,0,0,0,0 +units=us-ft +no_defs",3428,EPSG,3428,0,0,0
1387,"NAD83(HARN) / Nevada East (ft US)",tmerc,GRS80,"+proj=tmerc +lat_0=34.75 +lon_0=-115.5833333333333 +k=0.9999 +x_0=200000.00001016 +y_0=8000000.000010163 +ellps=GRS80 +towgs84=0,0,0,0,0,0,0 +units=us-ft +no_defs",3429,EPSG,3429,0,0,0
1388,"NAD83(HARN) / Nevada Central (ft US)",tmerc,GRS80,"+proj=tmerc +lat_0=34.75 +lon_0=-116.6666666666667 +k=0.9999 +x_0=500000.00001016 +y_0=6000000 +ellps=GRS80 +towgs84=0,0,0,0,0,0,0 +units=us-ft +no_defs",3430,EPSG,3430,0,0,0
1389,"NAD83(HARN) / Nevada West (ft US)",tmerc,GRS80,"+proj=tmerc +lat_0=34.75 +lon_0=-118.5833333333333 +k=0.9999 +x_0=800000.0000101599 +y_0=3999999.99998984 +ellps=GRS80 +towgs84=0,0,0,0,0,0,0 +units=us-ft +no_defs",3431,EPSG,3431,0,0,0
1390,"NAD83(HARN) / New Jersey (ft US)",tmerc,GRS80,"+proj=tmerc +lat_0=38.83333333333334 +lon_0=-74.5 +k=0.9999 +x_0=150000 +y_0=0 +ellps=GRS80 +towgs84=0,0,0,0,0,0,0 +units=us-ft +no_defs",3432,EPSG,3432,0,0,0
1399,"NAD83(HARN) / Arkansas North (ftUS)",lcc,GRS80,"+proj=lcc +lat_1=36.23333333333333 +lat_2=34.93333333333333 +lat_0=34.33333333333334 +lon_0=-92 +x_0=399999.99998984 +y_0=0 +ellps=GRS80 +towgs84=0,0,0,0,0,0,0 +units=us-ft +no_defs",3441,EPSG,3441,0,0,0
1400,"NAD83(HARN) / Arkansas South (ftUS)",lcc,GRS80,"+proj=lcc +lat_1=34.76666666666667 +lat_2=33.3 +lat_0=32.66666666666666 +lon_0=-92 +x_0=399999.99998984 +y_0=399999.99998984 +ellps=GRS80 +towgs84=0,0,0,0,0,0,0 +units=us-ft +no_defs",3442,EPSG,3442,0,0,0
1401,"NAD83(HARN) / Illinois East (ftUS)",tmerc,GRS80,"+proj=tmerc +lat_0=36.66666666666666 +lon_0=-88.33333333333333 +k=0.9999749999999999 +x_0=300000.0000000001 +y_0=0 +ellps=GRS80 +towgs84=0,0,0,0,0,0,0 +units=us-ft +no_defs",3443,EPSG,3443,0,0,0
1402,"NAD83(HARN) / Illinois West (ftUS)",tmerc,GRS80,"+proj=tmerc +lat_0=36.66666666666666 +lon_0=-90.16666666666667 +k=0.999941177 +x_0=699999.9999898402 +y_0=0 +ellps=GRS80 +towgs84=0,0,0,0,0,0,0 +units=us-ft +no_defs",3444,EPSG,3444,0,0,0
1403,"NAD83(HARN) / New Hampshire (ftUS)",tmerc,GRS80,"+proj=tmerc +lat_0=42.5 +lon_0=-71.66666666666667 +k=0.999966667 +x_0=300000.0000000001 +y_0=0 +ellps=GRS80 +towgs84=0,0,0,0,0,0,0 +units=us-ft +no_defs",3445,EPSG,3445,0,0,0
1404,"NAD83(HARN) / Rhode Island (ftUS)",tmerc,GRS80,"+proj=tmerc +lat_0=41.08333333333334 +lon_0=-71.5 +k=0.99999375 +x_0=99999.99998983997 +y_0=0 +ellps=GRS80 +towgs84=0,0,0,0,0,0,0 +units=us-ft +no_defs",3446,EPSG,3446,0,0,0
1414,"NAD83(HARN) / Louisiana North (ftUS)",lcc,GRS80,"+proj=lcc +lat_1=32.66666666666666 +lat_2=31.16666666666667 +lat_0=30.5 +lon_0=-92.5 +x_0=999999.9999898402 +y_0=0 +ellps=GRS80 +towgs84=0,0,0,0,0,0,0 +units=us-ft +no_defs",3456,EPSG,3456,0,0,0
1415,"NAD83(HARN) / Louisiana South (ftUS)",lcc,GRS80,"+proj=lcc +lat_1=30.7 +lat_2=29.3 +lat_0=28.5 +lon_0=-91.33333333333333 +x_0=999999.9999898402 +y_0=0 +ellps=GRS80 +towgs84=0,0,0,0,0,0,0 +units=us-ft +no_defs",3457,EPSG,3457,0,0,0
1416,"NAD83(HARN) / South Dakota North (ftUS)",lcc,GRS80,"+proj=lcc +lat_1=45.68333333333333 +lat_2=44.41666666666666 +lat_0=43.83333333333334 +lon_0=-100 +x_0=600000 +y_0=0 +ellps=GRS80 +towgs84=0,0,0,0,0,0,0 +units=us-ft +no_defs",3458,EPSG,3458,0,0,0
1417,"NAD83(HARN) / South Dakota South (ftUS)",lcc,GRS80,"+proj=lcc +lat_1=44.4 +lat_2=42.83333333333334 +lat_0=42.33333333333334 +lon_0=-100.3333333333333 +x_0=600000 +y_0=0 +ellps=GRS80 +towgs84=0,0,0,0,0,0,0 +units=us-ft +no_defs",3459,EPSG,3459,0,0,0
1526,"NAD83(HARN) / Utah North (ftUS)",lcc,GRS80,"+proj=lcc +lat_1=41.78333333333333 +lat_2=40.71666666666667 +lat_0=40.33333333333334 +lon_0=-111.5 +x_0=500000.00001016 +y_0=999999.9999898402 +ellps=GRS80 +towgs84=0,0,0,0,0,0,0 +units=us-ft +no_defs",3568,EPSG,3568,0,0,0
1527,"NAD83(HARN) / Utah Central (ftUS)",lcc,GRS80,"+proj=lcc +lat_1=40.65 +lat_2=39.01666666666667 +lat_0=38.33333333333334 +lon_0=-111.5 +x_0=500000.00001016 +y_0=2000000.00001016 +ellps=GRS80 +towgs84=0,0,0,0,0,0,0 +units=us-ft +no_defs",3569,EPSG,3569,0,0,0
1528,"NAD83(HARN) / Utah South (ftUS)",lcc,GRS80,"+proj=lcc +lat_1=38.35 +lat_2=37.21666666666667 +lat_0=36.66666666666666 +lon_0=-111.5 +x_0=500000.00001016 +y_0=3000000 +ellps=GRS80 +towgs84=0,0,0,0,0,0,0 +units=us-ft +no_defs",3570,EPSG,3570,0,0,0
1711,"NAD83(HARN) / Ohio North (ftUS)",lcc,GRS80,"+proj=lcc +lat_1=41.7 +lat_2=40.43333333333333 +lat_0=39.66666666666666 +lon_0=-82.5 +x_0=600000 +y_0=0 +ellps=GRS80 +towgs84=0,0,0,0,0,0,0 +units=us-ft +no_defs",3753,EPSG,3753,0,0,0
1712,"NAD83(HARN) / Ohio South (ftUS)",lcc,GRS80,"+proj=lcc +lat_1=40.03333333333333 +lat_2=38.73333333333333 +lat_0=38 +lon_0=-82.5 +x_0=600000 +y_0=0 +ellps=GRS80 +towgs84=0,0,0,0,0,0,0 +units=us-ft +no_defs",3754,EPSG,3754,0,0,0
1713,"NAD83(HARN) / Wyoming East (ftUS)",tmerc,GRS80,"+proj=tmerc +lat_0=40.5 +lon_0=-105.1666666666667 +k=0.9999375 +x_0=200000.00001016 +y_0=0 +ellps=GRS80 +towgs84=0,0,0,0,0,0,0 +units=us-ft +no_defs",3755,EPSG,3755,0,0,0
1714,"NAD83(HARN) / Wyoming East Central (ftUS)",tmerc,GRS80,"+proj=tmerc +lat_0=40.5 +lon_0=-107.3333333333333 +k=0.9999375 +x_0=399999.99998984 +y_0=99999.99998983997 +ellps=GRS80 +towgs84=0,0,0,0,0,0,0 +units=us-ft +no_defs",3756,EPSG,3756,0,0,0
1715,"NAD83(HARN) / Wyoming West Central (ftUS)",tmerc,GRS80,"+proj=tmerc +lat_0=40.5 +lon_0=-108.75 +k=0.9999375 +x_0=600000 +y_0=0 +ellps=GRS80 +towgs84=0,0,0,0,0,0,0 +units=us-ft +no_defs",3757,EPSG,3757,0,0,0
1716,"NAD83(HARN) / Wyoming West (ftUS)",tmerc,GRS80,"+proj=tmerc +lat_0=40.5 +lon_0=-110.0833333333333 +k=0.9999375 +x_0=800000.0000101599 +y_0=99999.99998983997 +ellps=GRS80 +towgs84=0,0,0,0,0,0,0 +units=us-ft +no_defs",3758,EPSG,3758,0,0,0
1718,"NAD83(HARN) / Hawaii zone 3 (ftUS)",tmerc,GRS80,"+proj=tmerc +lat_0=21.16666666666667 +lon_0=-158 +k=0.99999 +x_0=500000.00001016 +y_0=0 +ellps=GRS80 +towgs84=0,0,0,0,0,0,0 +units=us-ft +no_defs",3760,EPSG,3760,0,0,0
2253,"NAD83(HARN) / Maine East (ftUS)",tmerc,GRS80,"+proj=tmerc +lat_0=43.66666666666666 +lon_0=-68.5 +k=0.9999 +x_0=300000.0000000001 +y_0=0 +ellps=GRS80 +towgs84=0,0,0,0,0,0,0 +units=us-ft +no_defs",26855,EPSG,26855,0,0,0
2254,"NAD83(HARN) / Maine West (ftUS)",tmerc,GRS80,"+proj=tmerc +lat_0=42.83333333333334 +lon_0=-70.16666666666667 +k=0.999966667 +x_0=900000 +y_0=0 +ellps=GRS80 +towgs84=0,0,0,0,0,0,0 +units=us-ft +no_defs",26856,EPSG,26856,0,0,0
2255,"NAD83(HARN) / Minnesota North (ftUS)",lcc,GRS80,"+proj=lcc +lat_1=48.63333333333333 +lat_2=47.03333333333333 +lat_0=46.5 +lon_0=-93.09999999999999 +x_0=800000.0000101599 +y_0=99999.99998983997 +ellps=GRS80 +towgs84=0,0,0,0,0,0,0 +units=us-ft +no_defs",26857,EPSG,26857,0,0,0
2256,"NAD83(HARN) / Minnesota Central (ftUS)",lcc,GRS80,"+proj=lcc +lat_1=47.05 +lat_2=45.61666666666667 +lat_0=45 +lon_0=-94.25 +x_0=800000.0000101599 +y_0=99999.99998983997 +ellps=GRS80 +towgs84=0,0,0,0,0,0,0 +units=us-ft +no_defs",26858,EPSG,26858,0,0,0
2257,"NAD83(HARN) / Minnesota South (ftUS)",lcc,GRS80,"+proj=lcc +lat_1=45.21666666666667 +lat_2=43.78333333333333 +lat_0=43 +lon_0=-94 +x_0=800000.0000101599 +y_0=99999.99998983997 +ellps=GRS80 +towgs84=0,0,0,0,0,0,0 +units=us-ft +no_defs",26859,EPSG,26859,0,0,0
2258,"NAD83(HARN) / Nebraska (ftUS)",lcc,GRS80,"+proj=lcc +lat_1=43 +lat_2=40 +lat_0=39.83333333333334 +lon_0=-100 +x_0=500000.00001016 +y_0=0 +ellps=GRS80 +towgs84=0,0,0,0,0,0,0 +units=us-ft +no_defs",26860,EPSG,26860,0,0,0
2259,"NAD83(HARN) / West Virginia North (ftUS)",lcc,GRS80,"+proj=lcc +lat_1=40.25 +lat_2=39 +lat_0=38.5 +lon_0=-79.5 +x_0=600000 +y_0=0 +ellps=GRS80 +towgs84=0,0,0,0,0,0,0 +units=us-ft +no_defs",26861,EPSG,26861,0,0,0
2260,"NAD83(HARN) / West Virginia South (ftUS)",lcc,GRS80,"+proj=lcc +lat_1=38.88333333333333 +lat_2=37.48333333333333 +lat_0=37 +lon_0=-81 +x_0=600000 +y_0=0 +ellps=GRS80 +towgs84=0,0,0,0,0,0,0 +units=us-ft +no_defs",26862,EPSG,26862,0,0,0